{"0":{"4":699.4325824355,"5":739.2408272961,"6":821.9327227201,"7":826.6391844465,"8":779.5656344784,"9":740.8657852899},"1":{"4":741.0056526208,"5":809.2679905265,"6":869.5575595636,"7":865.9438395935,"8":831.2851143773,"9":803.4068884233},"2":{"4":821.0104868914,"5":822.4207282913,"6":892.3979927608,"7":882.826734722,"8":853.2102877071,"9":813.49049217},"3":{"4":825.6325023084,"5":854.6826735886,"6":884.9129146919,"7":920.3546782218,"8":877.8104053001,"9":843.631362094},"4":{"4":734.2885771543,"5":750.7480366492,"6":833.9053993753,"7":853.8481316421,"8":811.389859395,"9":788.6310380267},"5":{"4":719.632970451,"5":777.1687116564,"6":803.3571683947,"7":757.6073888541,"8":767.1867779204,"9":740.8162661738},"6":{"4":775.2635580335,"5":747.1781818182,"6":741.2624723519,"7":733.9031118958,"8":717.1901513537,"9":701.4556976881},"7":{"4":798.2907239819,"5":805.9403714967,"6":811.9554974828,"7":806.2235648437,"8":794.2974171667,"9":782.0661386779},"8":{"4":751.5393084085,"5":771.6062744393,"6":793.5061772534,"7":786.0770811551,"8":776.9972471891,"9":768.624090309},"9":{"4":689.6724806202,"5":713.3421914816,"6":738.8639626814,"7":745.3048829431,"8":738.6407456656,"9":702.7862157511},"10":{"4":793.6639107612,"5":794.8046043165,"6":826.4943679599,"7":853.3478029294,"8":842.9147882009,"9":774.1235417063},"11":{"4":826.4603840907,"5":830.2479117415,"6":843.3135271808,"7":907.448379945,"8":881.0837969495,"9":800.6962836914},"12":{"4":810.5415709301,"5":814.2728884802,"6":845.0533838072,"7":885.3217973273,"8":862.3283161073,"9":794.1501348592},"13":{"4":849.2401470941,"5":860.0123472424,"6":866.6283413849,"7":908.1066555913,"8":892.1587298265,"9":826.9791042577},"14":{"4":918.1676489849,"5":918.9343054249,"6":913.95535582,"7":951.5925052523,"8":933.0249123104,"9":866.544212533},"15":{"4":920.4349341871,"5":918.3685223809,"6":909.8009112909,"7":948.7136434281,"8":934.3190298853,"9":865.8704965718},"16":{"4":884.0477622297,"5":892.2578330262,"6":879.7123475088,"7":920.0204322767,"8":899.1080623765,"9":838.9032828749},"17":{"4":836.8160530332,"5":853.6079979074,"6":853.242578226,"7":888.2361804515,"8":861.1091643202,"9":816.9496113941},"18":{"4":793.3052917232,"5":824.9729484536,"6":827.8599877502,"7":858.6429099269,"8":833.6312994813,"9":790.093978818},"19":{"4":748.554152764,"5":814.0113722517,"6":826.401183557,"7":861.1438405733,"8":823.819824733,"9":754.1670348692},"20":{"4":692.3823721721,"5":803.3582116012,"6":824.1710641362,"7":874.8547826087,"8":810.9046293832,"9":736.5935768645},"21":{"4":717.1409471649,"5":820.2152411123,"6":840.3132329855,"7":897.3521442471,"8":806.3235312422,"9":753.6723759332},"22":{"4":708.0721860465,"5":797.2089816504,"6":846.5692592727,"7":897.2728117506,"8":816.9664792309,"9":755.8203466126},"23":{"4":700.2446592065,"5":788.0760176925,"6":835.0784029695,"7":864.8538455999,"8":821.3373884474,"9":762.2594559509}}