{"0":{"0":779.0985098039,"1":748.9578228911,"2":747.7765239948,"3":761.9303776317,"4":755.8562435404,"5":796.8482042463,"6":841.2164891664},"1":{"0":828.0565552699,"1":821.3824717286,"2":803.9389596603,"3":804.7484909457,"4":821.4257751602,"5":854.1512474012,"6":852.4837556597},"2":{"0":848.6026026026,"1":788.67090301,"2":833.8266475645,"3":834.0882948562,"4":828.3365357446,"5":859.242370892,"6":887.6112196181},"3":{"0":852.6687898089,"1":856.3769676885,"2":809.3512999366,"3":817.3202336697,"4":837.2926741249,"5":872.9550027189,"6":935.3184091741},"4":{"0":808.4753521127,"1":818.5052878966,"2":791.4951076321,"3":757.9847942755,"4":791.2365056818,"5":782.4438756856,"6":868.6602244389},"5":{"0":746.9590425532,"1":753.2905405405,"2":774.8162271805,"3":762.7514843087,"4":756.8005378754,"5":793.4393592677,"6":783.1286103542},"6":{"0":736.4606317062,"1":739.3433092113,"2":735.9228309999,"3":736.429214261,"4":704.8074433657,"5":705.5053278689,"6":721.2891129032},"7":{"0":800.3647433415,"1":821.4138281826,"2":817.6374098463,"3":802.1844653841,"4":769.8806327263,"5":694.2175882242,"6":770.2416925651},"8":{"0":777.9296100533,"1":789.0916101806,"2":789.5826181316,"3":783.9695075061,"4":750.5233058608,"5":723.8640468393,"6":785.9619850874},"9":{"0":712.2621748082,"1":716.286351299,"2":714.1749255348,"3":721.3771525444,"4":685.8835449579,"5":759.6571073095,"6":854.7279055484},"10":{"0":798.9653185986,"1":799.1447987184,"2":800.615922539,"3":777.8374263261,"4":770.1239506173,"5":850.225675858,"6":914.0631615179},"11":{"0":829.2816450952,"1":817.3554510548,"2":795.7553113254,"3":803.0662301687,"4":794.1676071984,"5":909.918480278,"6":975.1009147528},"12":{"0":791.2588865096,"1":777.4083244775,"2":770.3976259138,"3":774.9171776058,"4":767.6316351217,"5":944.626682502,"6":991.6092972679},"13":{"0":824.1476857366,"1":800.5577878513,"2":787.5532613959,"3":792.3670252101,"4":789.3518726329,"5":974.2383846305,"6":1020.504077472},"14":{"0":881.1596445853,"1":836.8432198432,"2":842.4235900886,"3":859.4870355617,"4":822.4147023721,"5":1004.3760652683,"6":1038.9313091536},"15":{"0":877.3346502115,"1":856.5830006815,"2":858.0939834841,"3":864.4993372802,"4":847.6938032697,"5":1005.8788235294,"6":1018.9304617238},"16":{"0":851.1459904044,"1":850.4462412843,"2":862.9231342033,"3":849.8869114752,"4":833.2292842293,"5":980.8333228847,"6":986.0008909281},"17":{"0":826.9388533089,"1":835.2335621724,"2":831.4893350889,"3":828.5481391024,"4":811.9939485362,"5":963.5475394897,"6":954.4461301353},"18":{"0":786.845635618,"1":789.0678229687,"2":805.1344347205,"3":793.7227440728,"4":795.2003314917,"5":933.891068963,"6":936.4753467737},"19":{"0":773.8515570273,"1":784.3349220898,"2":781.7654779031,"3":786.8623761134,"4":777.9798066718,"5":914.3812674981,"6":910.9065175783},"20":{"0":774.9313841976,"1":779.6370414753,"2":798.0988222596,"3":778.3919470249,"4":777.0011915401,"5":892.2948577305,"6":885.5483044897},"21":{"0":777.4573428851,"1":776.0544956902,"2":837.7684108901,"3":784.8181853163,"4":790.916432138,"5":947.0737237057,"6":854.965526034},"22":{"0":764.3160280784,"1":776.857227107,"2":816.6675873498,"3":790.4880989595,"4":819.9888327572,"5":934.9904216235,"6":846.7992998129},"23":{"0":784.7097182653,"1":771.5100045475,"2":776.7987375415,"3":790.4371210757,"4":817.3929757415,"5":903.2003686387,"6":823.779497257}}